R1033.1.mpg	522
SJ51B.1.mpg	260
SJ51A.1.mpg	591
SJ63.1.mpg	830
R1205.1.mpg	784
SJ35.1.mpg	942
SJ216.1.mpg	587
SJ-ISAM.1.mpg	2077
SJ218.1.mpg	284
SJ111.1.mpg	48
SJA9B.1.mpg	179
SJ3.1.mpg	111
SJ36.1.mpg	1309
SJA67.1.mpg	753
SJ100.1.mpg	751
SJ188.1.mpg	831
SJ70.1.mpg	599
SJ146.1.mpg	812
SJ30.1.mpg	99
SJ173B.1.mpg	579
SJ173C.1.mpg	605
SJ143.1.mpg	363
SJ173A.1.mpg	945
Nuet19C.1.mpg	513
Nuet36A.1.mpg	575
Nuet35A.1.mpg	816
Nuet24A.1.mpg	678
Nuet33A.1.mpg	485
Nuet39A.1.mpg	552
Nuet30A.1.mpg	537
Nuet22B.1.mpg	795
Nuet42A.1.mpg	568
Nuet19H.1.mpg	512
Nuet25C.1.mpg	432
Nuet48A.1.mpg	594
Nuet18A.1.mpg	784
Nuet19F.1.mpg	634
Nuet45A.1.mpg	551
Nuet25A.1.mpg	666
Nuet46A.1.mpg	605
Nuet20A.1.mpg	620
Nuet48C.1.mpg	699
Nuet19G.1.mpg	626
Nuet26A.1.mpg	670
Nuet27A.1.mpg	644
Nuet31A.1.mpg	519
Nuet23A.1.mpg	588
Nuet43A.1.mpg	557
Nuet16A.1.mpg	627
Nuet21.1.mpg	711
Nuet19J.1.mpg	639
Nuet14.1.mpg	655
Nuet19D.1.mpg	467
Nuet19I.1.mpg	603
Nuet15C.1.mpg	659
Nuet19B.1.mpg	407
Nuet27B.1.mpg	750
Nuet19A.1.mpg	560
Nuet34A.1.mpg	572
Nuet47A.1.mpg	437
Nuet29A.1.mpg	735
Nuet22A.1.mpg	541
Nuet41B.1.mpg	600
Nuet17A.1.mpg	621
Nuet38A.1.mpg	554
Nuet15B.1.mpg	274
Nuet32A.1.mpg	526
Nuet15A.1.mpg	621
Nuet19E.1.mpg	620
Nuet41A.1.mpg	530
Nuet28A.1.mpg	641
Nuet49A.1.mpg	527
Nuet40.1.mpg	690
Nuet37.1.mpg	682
Nuet103C.1.mpg	609
Nuet88.1.mpg	533
Nuet99A.1.mpg	579
Nuet101A.1.mpg	530
Nuet94B.1.mpg	642
Nuet96A.1.mpg	580
Nuet102A.1.mpg	631
Nuet93A.1.mpg	588
Nuet97A.1.mpg	531
Nuet92A.1.mpg	649
Nuet100C.1.mpg	694
Nuet100A.1.mpg	599
Nuet89A.1.mpg	570
Nuet91A.1.mpg	705
Nuet87A.1.mpg	603
Nuet98A.1.mpg	535
Nuet90A.1.mpg	620
Nuet103B.1.mpg	634
Nuet94A.1.mpg	512
Nuet103A.1.mpg	652
Nuet95A.1.mpg	503
Nuet104-6.1.mpg	623
Nuet104-3.1.mpg	433
Nuet104-1.1.mpg	484
Nuet104-5.1.mpg	560
Nuet104-2.1.mpg	429
Nuet104-4.1.mpg	545
Nuet13A.1.mpg	607
Nuet6A.1.mpg	587
Nuet12.1.mpg	609
Nuet7B.1.mpg	698
Nuet4A.1.mpg	552
Nuet2A.1.mpg	737
Nuet3A.1.mpg	533
Nuet10A.1.mpg	578
Nuet1A.1.mpg	691
Nuet11A.1.mpg	594
Nuet9A.1.mpg	564
Nuet7A.1.mpg	607
Nuet8A.1.mpg	564
Nuet50A.1.mpg	510
Nuet61A.1.mpg	541
Nuet59A.1.mpg	559
Nuet58.1.mpg	560
Nuet51A.1.mpg	477
Nuet71A.1.mpg	648
Nuet83A.1.mpg	651
Nuet55D.1.mpg	736
Nuet86A.1.mpg	494
Nuet79A.1.mpg	605
Nuet75A.1.mpg	527
Nuet52A.1.mpg	530
Nuet78A.1.mpg	464
Nuet85A.1.mpg	519
Nuet69A.1.mpg	730
Nuet67C.1.mpg	628
Nuet63A.1.mpg	506
Nuet74A.1.mpg	576
Nuet57A.1.mpg	572
Nuet77A.1.mpg	599
Nuet70A.1.mpg	584
Nuet76A.1.mpg	608
Nuet53A.1.mpg	499
Nuet66A.1.mpg	621
Nuet67A.1.mpg	700
Nuet72A.1.mpg	507
Nuet64A.1.mpg	533
Nuet65A.1.mpg	643
Nuet60A.1.mpg	596
Nuet62A.1.mpg	580
Nuet68B.1.mpg	591
Nuet73A.1.mpg	550
Nuet56.1.mpg	576
Nuet54A.1.mpg	747
Nuet87B.1.mpg	666
Nuet66B.1.mpg	513
Nuet84A.1.mpg	527
Nuet63B.1.mpg	834
Nuet81C.1.mpg	748
Nuet82A.1.mpg	597
Nuet81A.1.mpg	575
Nuet80A.1.mpg	476
Nuet66D.1.mpg	809
Nuet68A.1.mpg	545
Nuet55A.1.mpg	675
Nuet64B.1.mpg	535
XA_TF08-0348.mpg	904
XA_TF08-0350.mpg	947
ufa700.mpg	745
ufa601.mpg	623
ufa671.mpg	628
XA_TF08-0349.mpg	764
XA_TF10-5066.mpg	601
XA_TF08-0351.mpg	993
XA_TF08-0352.mpg	909
Kino280A.1.mpg	705
Kino68A.1.mpg	618
Kino213B.1.mpg	903
Kino87.1.mpg	898
Kino88.1.mpg	662
Kino50.1.mpg	728
Kino69.1.mpg	803
Kino49.1.mpg	960
Kino295A-B.1.mpg	1149
Kino247A-B.1.mpg	1053
Kino180.1.mpg	306
Kino166B.1.mpg	493
Kino130.1.mpg	610
Kino309.1.mpg	601
Kino114.1.mpg	798
Kino308.1.mpg	691
Kino275.1.mpg	944
Kino131A-B.1.mpg	1546
Kino183.1.mpg	304
Kino292.1.mpg	749
Kino269.1.mpg	704
Kino197C.1.mpg	640
Kino140.1.mpg	926
Kino202.1.mpg	730
Kino146A-B.1.mpg	1470
Kino230.1.mpg	664
Kino192.1.mpg	529
Kino273.1.mpg	677
Kino241.1.mpg	889
Kino61.1.mpg	901
Kino141.1.mpg	327
Kino267.1.mpg	643
Kino245.1.mpg	723
Kino268.1.mpg	658
Kino256.1.mpg	592
Kino277.1.mpg	744
Kino266.1.mpg	674
Kino614.1.mpg	707
Kino47.1.mpg	649
Kino155A.1.mpg	620
Kino70C.1.mpg	556
Kino248.1.mpg	894
Kino242.1.mpg	720
Kino70B.1.mpg	441
Kino70A.1.mpg	563
Kino197B.1.mpg	833
Kino84.1.mpg	256
Kino190C.1.mpg	520
Kino59.1.mpg	661
Kino121.1.mpg	780
Kino306A-D.1.mpg	2648
Kino252.1.mpg	669
Kino279.1.mpg	443
Kino286.1.mpg	567
Kino194B.1.mpg	626
Kino196.1.mpg	469
Kino220.1.mpg	898
Kino290.1.mpg	584
Kino255.1.mpg	863
Kino199.1.mpg	767
Kino177A.1.mpg	635
Kino223.1.mpg	585
Kino72.1.mpg	808
Kino212.1.mpg	805
Kino224.1.mpg	789
Kino251.1.mpg	703
Kino182C.1.mpg	609
Kino73.1.mpg	728
Kino222.1.mpg	876
Kino194C.1.mpg	587
Kino250.1.mpg	633
Kino253.1.mpg	739
Kino19.1.mpg	382
Kino54.1.mpg	779
Kino254.1.mpg	808
Kino323A-B.1.mpg	888
Kino349.1.mpg	510
Kino133.1.mpg	430
Kino166A.1.mpg	620
Kino324A-B.1.mpg	486
Kino179C.1.mpg	224
Kino111A-I.1.mpg	4734
Kino178B.1.mpg	469
Kino179B.1.mpg	594
Kino178A.1.mpg	649
Kino179A.1.mpg	574
Kino143D.1.mpg	271
Kino237A.1.mpg	596
Kino237B.1.mpg	523
Kino80.1.mpg	639
Kino44.1.mpg	573
Kino37.1.mpg	438
Kino7.1.mpg	483
Kino214.1.mpg	760
Kino167.1.mpg	706
Kino289A-C.1.mpg	1816
Kino297A-D.1.mpg	2067
Kino327A-C.1.mpg	1534
Kino318.1.mpg	283
Kino319B.1.mpg	612
Kino284.1.mpg	660
Kino319D.1.mpg	470
Kino271.1.mpg	666
Kino197D.1.mpg	700
Kino68B.1.mpg	767
Kino319A.1.mpg	594
Kino67.1.mpg	746
Kino319C.1.mpg	617
Kino283.1.mpg	657
Kino278.1.mpg	661
Kino310A-B.1.mpg	915
Kino221A-E.1.mpg	2986
Kino131A.1.mpg	861
Kino110.1 Tecknad reklamfilm 1926.mpg	624
Kino299A-B.1.mpg	1241
Kino14.1.mpg	575
Kino303AB.1.mpg	1017
Kino46.1.mpg	730
Kino86.1.mpg	948
Kino43.1.mpg	586
Kino75.1.mpg	742
Kino28.1.mpg	526
Kino45.1.mpg	792
Kino231.1.mpg	607
Kino270.1.mpg	609
Kino195.1.mpg	639
Kino232.1.mpg	637
Kino13B.1.mpg	484
Kino194D.1.mpg	607
Kino257.1.mpg	575
Kino265.1.mpg	749
Kino18.1.mpg	323
Kino13A.1.mpg	702
Kino177B.1.mpg	592
Kino13E.1.mpg	266
Kino13C.1.mpg	578
Kino13D.1.mpg	583
Kino176.1.mpg	724
Kino320A-B.1.mpg	784
Kino264.1.mpg	623
Kino9.1.mpg	671
Kino249.1.mpg	780
Kino83.1.mpg	729
Kino85.1.mpg	755
Kino229.1.mpg	630
Kino263.1.mpg	593
Kino236.1.mpg	801
Kino200.1.mpg	731
Kino313A.1.mpg	565
Kino282.1.mpg	453
Kino316.1.mpg	782
Kino233.1.mpg	419
Kino246.1.mpg	561
Kino185.1.mpg	544
Kino30.1.mpg	664
Kino313B.1.mpg	826
Kino193.1.mpg	652
Kino226.1.mpg	909
Kino225.1.mpg	605
Kino211.1.mpg	530
Kino351.1.mpg	344
Kino298D.1.mpg	513
Kino82.1.mpg	483
Kino298B.1.mpg	373
Kino298C.1.mpg	601
Kino298A.1.mpg	677
Kino325A-B.1.mpg	1180
Kino41.1.mpg	702
Kino48.1.mpg	484
Kino40.1.mpg	925
Kino326.1.mpg	946
Kino201.1.mpg	694
Kino190A.1.mpg	593
Kino190B.1.mpg	181
Kino198.1.mpg	749
Kino191.1.mpg	637
Kino38.1.mpg	626
Kino197A.1.mpg	691
Kino238.1.mpg	737
Kino259.1.mpg	834
Kino296A-D.1.mpg	1968
Kino272.1.mpg	758
Kino301.1.mpg	696
Kino258.1.mpg	502
Kino132.1.mpg	758
Kino291A-B.1.mpg	1072
Kino302A-B.1.mpg	1078
Kino228.1.mpg	857
Kino312C.1.mpg	454
Kino322A-B.1.mpg	1324
Kino244.1.mpg	955
Kino293.1.mpg	612
Kino62.1.mpg	691
Kino194A.1.mpg	648
Kino261A-B.1.mpg	1322
Kino78.1.mpg	622
Kino240.1.mpg	964
Kino53B.1.mpg	411
Kino182B.1.mpg	624
Kino239.1.mpg	520
Kino53A.1.mpg	606
Kino31.1.mpg	758
Kino165.1.mpg	1014
Kino243.1.mpg	925
Kino51.1.mpg	908
Kino274B.1.mpg	559
Kino274C.1.mpg	610
Kino274A.1.mpg	550
Kino274D.1.mpg	760
Kino276A.1.mpg	482
Kino213A.1.mpg	932
Kino321A-B.1.mpg	728
SF2921.1.mpg	674
SF1083B.1.mpg	630
SF1087A.1.mpg	562
SF2671B.1.mpg	574
SF2734.1.mpg	411
SF1112.1.mpg	921
SF1107C.1.mpg	679
SF1113B.1.mpg	492
SF2916.1.mpg	670
SF1094B.1.mpg	347
SF1084.1.mpg	593
SF1083A.1.mpg	612
SF2671A.1.mpg	428
SF1107D.1.mpg	563
SF1107A.1.mpg	603
SF1091A.1.mpg	497
SF1106B.1.mpg	530
SF2739B.1.mpg	584
SF1092.1.mpg	642
SF2671C.1.mpg	535
SF2815.1.mpg	762
SF2936.1.mpg	570
SF1079A.1.mpg	560
SF1082A.1.mpg	639
SF1091B.1.mpg	636
SF1093.1.mpg	607
SF1102B.1.mpg	390
SF1100.1.mpg	738
SF1109.1.mpg	770
SF1105A.1.mpg	512
SF1991E.1.mpg	478
SF1094C.1.mpg	684
SF1086.1.mpg	487
SF2733.1.mpg	513
SF1078B.1.mpg	510
SF1089.1.mpg	801
SF1098A.1.mpg	687
SF2914.1.mpg	670
SF2920.1.mpg	462
SF1991C.1.mpg	513
SF2926A-D.1.mpg	2360
SF2692.1.mpg	789
SF1104B.1.mpg	612
SF2794.1.mpg	621
SF1096B.1.mpg	321
SF1111C.1.mpg	718
SF1095.1.mpg	659
SF1081.1.mpg	804
SF1107B.1.mpg	327
SF1875A-C.1.mpg	1614
SF1108.1.mpg	629
SF1099A.1.mpg	629
SF1991A.1.mpg	744
SF2721.1.mpg	432
SF1099D.1.mpg	709
SF1111A.1.mpg	491
SF1096A.1.mpg	623
SF1078A.1.mpg	849
SF1991D.1.mpg	493
SF2742A.1.mpg	681
SF1102A.1.mpg	466
SF1090.1.mpg	629
SF1102C.1.mpg	621
SF1099B.1.mpg	560
SF1110.1.mpg	681
SF2720.1.mpg	371
SF1991B.1.mpg	552
SF1103.1.mpg	578
SF1099C.1.mpg	569
SF1111B.1.mpg	674
SF1104A.1.mpg	483
SF2924.1.mpg	501
SF2949.1.mpg	685
SF1087B.1.mpg	722
SF2735B.1.mpg	468
SF1105B.1.mpg	704
SF1088.1.mpg	667
SF1085.1.mpg	651
SF1101.1.mpg	610
SF1099E.1.mpg	573
SF2735A.1.mpg	522
SF1097.1.mpg	738
SF1104C.1.mpg	368
SF1094A.1.mpg	578
SF1113C.1.mpg	773
SF2799.1.mpg	887
SF1106A.1.mpg	629
SF2956.1.mpg	757
SF2915.1.mpg	662
SF2740.1.mpg	542
SF2741.1.mpg	510
SF1525.1.mpg	705
SF1534.1.mpg	656
SF1552.1.mpg	682
SF1532.1.mpg	805
SF1547.1.mpg	720
SF3358.1.mpg	571
SF1556.1.mpg	629
SF1526B.1.mpg	589
SF1545.1.mpg	345
SF1535.1.mpg	861
SF1549.1.mpg	700
SF1523A.1.mpg	517
SF1524B.1.mpg	584
SF1522A.1.mpg	612
SF1536.1.mpg	603
SF1526C.1.mpg	318
SF1527.1.mpg	716
SF1539A.1.mpg	600
SF1561.1.mpg	583
SF3131.1.mpg	455
SF1541A.1.mpg	515
SF1543.1.mpg	514
SF1564A.1.mpg	615
SF1520.1.mpg	628
SF1519.1.mpg	623
SF1531A.1.mpg	875
SF1555.1.mpg	772
SF1553.1.mpg	758
SF1523B.1.mpg	449
SF3253B.1.mpg	544
SF1521.1.mpg	693
SF1560.1.mpg	489
SF1526A.1.mpg	636
SF3253D.1.mpg	616
SF1542A.1.mpg	292
SF1533.1.mpg	933
SF3253C.1.mpg	578
SF1529A.1.mpg	510
SF1558B.1.mpg	900
SF3245.1.mpg	833
SF1540A.1.mpg	335
SF1544A.1.mpg	336
SF1563.1.mpg	576
SF1558A.1.mpg	667
SF1559.1.mpg	729
SF1524A.1.mpg	484
SF1516B.1.mpg	471
SF1562.1.mpg	530
SF3243.1.mpg	529
SF1557.1.mpg	324
SF1518.1.mpg	608
SF3253A.1.mpg	383
SF3244.1.mpg	777
SF1564B.1.mpg	701
SF1550B-C.1.mpg	1016
SF1531B.1.mpg	570
SF1528A.1.mpg	751
SF1522B.1.mpg	651
SF3103A-C.1.mpg	1607
SF1546.1.mpg	584
SF3318.1.mpg	550
SF1554.1.mpg	633
SF1550A.1.mpg	429
SF1530.1.mpg	764
SF1529B.1.mpg	443
SF1537.1.mpg	778
SF1548.1.mpg	613
SF1551.1.mpg	744
SF1538.1.mpg	542
SF505.1.mpg	689
SF1636.1.mpg	713
SF1650.1.mpg	697
SF3293.1.mpg	681
SF1634.1.mpg	801
SF1621A.1.mpg	781
SF1612A.1.mpg	265
SF1647A.1.mpg	812
SF1628.1.mpg	653
SF1611.1.mpg	663
SF1617.1.mpg	629
SF1609.1.mpg	692
SF1616B.1.mpg	351
SF1638.1.mpg	695
SF1610.1.mpg	715
SF1624B.1.mpg	446
SF1641.1.mpg	673
SF1614.1.mpg	808
SF1621B.1.mpg	748
SF1639.1.mpg	704
SF1619.1.mpg	666
SF1624A.1.mpg	540
SF1635A.1.mpg	509
SF3298A-B.1.mpg	817
SF1627.1.mpg	485
SF1606C.1.mpg	832
SF1640.1.mpg	621
SF3261A-E.1.mpg	2699
SF3295.1.mpg	530
SF1647B.1.mpg	781
SF1616A.1.mpg	482
SF1626B.1.mpg	675
SF1618A.1.mpg	657
SF1623.1.mpg	612
SF1637A.1.mpg	775
SF2822.1.mpg	837
SF1629A.1.mpg	356
SF1646.1.mpg	544
SF3294.1.mpg	655
SF1612B.1.mpg	529
SF1626A.1.mpg	684
SF1644.1.mpg	722
SF1649.1.mpg	639
SF1648.1.mpg	615
SF1645.1.mpg	627
SF1625.1.mpg	683
SF1643.1.mpg	794
SF1608.1.mpg	653
SF1633A.1.mpg	663
SF1607B.1.mpg	354
SF1629C.1.mpg	881
SF3219.1.mpg	572
SF3292.1.mpg	570
SF1642.1.mpg	434
SF1622A.1.mpg	913
SF1630A.1.mpg	792
SF1631A.1.mpg	627
SF1632.1.mpg	753
SF1613.1.mpg	903
SF1620.1.mpg	596
SF3304.1.mpg	498
SF2851.1.mpg	725
SF2868A-E.1.mpg	2157
SF1926.1.mpg	881
SF2885A.1.mpg	486
SF2878.1.mpg	811
SF969.1.mpg	482
SF970B.1.mpg	523
SF2906.1.mpg	612
SF982B.1.mpg	298
SF2673.1.mpg	424
SF975C.1.mpg	458
SF1965.1.mpg	699
SF996B.1.mpg	618
SF977B.1.mpg	556
SF990C.1.mpg	792
SF2873.1.mpg	565
SF1003B.1.mpg	665
SF970A.1.mpg	375
SF2792.1.mpg	582
SF994C.1.mpg	453
SF983A.1.mpg	689
SF985A.1.mpg	617
SF3210.1.mpg	506
SF3169A.1.mpg	545
SF981.1.mpg	478
SF979.1.mpg	610
SF999.1.mpg	466
SF980.1.mpg	531
SF987A.1.mpg	518
SF3211.1.mpg	764
SF3174A-C.1.mpg	1680
SF973.1.mpg	622
SF1966.1.mpg	585
SF3353.1.mpg	492
SF990B.1.mpg	748
SF1000.1.mpg	775
SF986C.1.mpg	772
SF3364.1.mpg	4430
SF2866.1.mpg	745
SF2976.1.mpg	760
SF1001A.1.mpg	784
SF978.1.mpg	903
SF975A.1.mpg	601
SF998.1.mpg	588
SF984.1.mpg	833
SF1001B.1.mpg	514
SF971.1.mpg	651
SF3170A.1.mpg	603
SF1002.1.mpg	519
SF2884.1.mpg	606
SF2895.1.mpg	509
SF1820.1.mpg	481
SF3169B.1.mpg	538
SF986B.1.mpg	695
SF1004.1.mpg	483
SF2677A-B.1.mpg	909
SF995.1.mpg	675
SF2784.1.mpg	346
SF982E.1.mpg	746
SF2885B-C.1.mpg	1181
SF2875.1.mpg	530
SF990A.1.mpg	742
SF2676.1.mpg	725
SF1925A-B.1.mpg	1612
SF972.1.mpg	304
SF3208.1.mpg	674
SF2883.1.mpg	421
SF988.1.mpg	553
SF967B.1.mpg	694
SF976.1.mpg	438
SF2874.1.mpg	593
SF2739A.1.mpg	590
SF993A.1.mpg	537
SF982F.1.mpg	441
SF994A.1.mpg	436
SF977A.1.mpg	558
SF986A.1.mpg	586
SF2879.1.mpg	912
SF2872.1.mpg	669
SF993B.1.mpg	549
SF994B.1.mpg	528
SF996A.1.mpg	768
SF2687.1.mpg	931
SF970C.1.mpg	408
SF974A.1.mpg	620
SF3215.1.mpg	714
SF3170B.1.mpg	738
SF2846.1.mpg	987
SF2876.1.mpg	633
SF991.1.mpg	612
SF2670A-D.1.mpg	2532
SF982A.1.mpg	470
SF985B.1.mpg	435
SF974B.1.mpg	656
SF2882.1.mpg	580
SF997.1.mpg	460
SF982D.1.mpg	598
SF989.1.mpg	586
SF1003A.1.mpg	414
SF966B.1.mpg	596
SF3212.1.mpg	546
SF2867.1.mpg	550
SF992A.1.mpg	649
SF975B.1.mpg	792
SF2736.1.mpg	677
SF1724.1.mpg	718
SF1709A.1.mpg	620
SF1690.1.mpg	580
SF1694.1.mpg	697
SF1716.1.mpg	701
SF1699.1.mpg	571
SF1718.1.mpg	777
SF2657.1.mpg	828
SF1725.1.mpg	685
SF1713.1.mpg	680
SF1693.1.mpg	700
SF1708.1.mpg	524
SF1689.1.mpg	707
SF1704A.1.mpg	803
SF1704B.1.mpg	852
SF1722.1.mpg	529
SF1692.1.mpg	689
SF1717.1.mpg	678
SF2830.1.mpg	693
SF1706.1.mpg	639
SF1721A.1.mpg	565
SF1714.1.mpg	682
SF1715.1.mpg	702
SF1711.1.mpg	672
SF1691.1.mpg	780
SF1712A.1.mpg	671
SF1728.1.mpg	465
SF3252B.1.mpg	523
SF1726.1.mpg	422
SF1697.1.mpg	848
SF1700.1.mpg	702
SF1698.1.mpg	766
SF1696.1.mpg	603
SF1720.1.mpg	554
SF1721C.1.mpg	871
SF1695.1.mpg	626
SF1710.1.mpg	762
SF2823A-B.1.mpg	1271
SF1705.1.mpg	509
SF1703.1.mpg	778
SF1721B.1.mpg	723
SF1701A.1.mpg	673
SF3252A.1.mpg	513
SF1727.1.mpg	730
SF1723.1.mpg	526
SF1707.1.mpg	660
SF1719.1.mpg	789
SF1702.1.mpg	817
SF1709B.1.mpg	644
SF934.1.mpg	469
SF943A.1.mpg	423
SF3193B.1.mpg	470
SF2666B.1.mpg	656
SF940A.1.mpg	341
SF926B.1.mpg	857
SF938B.1.mpg	343
SF938A.1.mpg	744
SF2893.1.mpg	596
SF946B.1.mpg	544
SF951.1.mpg	771
SF931B.1.mpg	431
SF939A.1.mpg	625
SF936A.1.mpg	521
SF943C.1.mpg	585
SF927B.1.mpg	598
SF2865.1.mpg	831
SF963.1.mpg	612
SF948.1.mpg	418
SF3203.1.mpg	369
SF949A.1.mpg	485
SF932A.1.mpg	625
SF949B.1.mpg	416
SF933B.1.mpg	541
SF945A.1.mpg	414
SF959.1.mpg	686
SF942.1.mpg	508
SF2796.1.mpg	480
SF941.1.mpg	647
SF953B.1.mpg	594
SF2844A-B.1.mpg	1037
SF955D.1.mpg	623
SF933A.1.mpg	369
SF3193A.1.mpg	592
SF929.1.mpg	373
SF927A.1.mpg	493
SF930A.1.mpg	788
SF955B.1.mpg	362
SF962.1.mpg	670
SF961.1.mpg	424
SF932C.1.mpg	467
SF964A.1.mpg	432
SF957.1.mpg	511
SF945B.1.mpg	366
SF953C.1.mpg	683
SF955C.1.mpg	580
SF935.1.mpg	760
SF953A.1.mpg	443
SF950.1.mpg	623
SF952.1.mpg	629
SF932B.1.mpg	619
SF3213.1.mpg	684
SF936B.1.mpg	258
SF945E.1.mpg	539
SF964B.1.mpg	619
SF947A.1.mpg	430
SF3214.1.mpg	492
SF930B.1.mpg	791
SF945F.1.mpg	812
SF945D.1.mpg	618
SF960A.1.mpg	708
SF2703.1.mpg	879
SF965.1.mpg	417
SF956A.1.mpg	772
SF3195.1.mpg	390
SF2791.1.mpg	533
SF946A.1.mpg	529
SF945C.1.mpg	601
SF931A.1.mpg	396
SF958A.1.mpg	465
SF937.1.mpg	484
SF928.1.mpg	394
SF955A.1.mpg	589
SF954.1.mpg	589
SF1835.1.mpg	545
SF1822.1.mpg	637
SF1830.1.mpg	599
SF1837.1.mpg	621
SF1821A.1.mpg	669
SF1811.1.mpg	561
SF1814.1.mpg	592
SF1832A.1.mpg	409
SF1813.1.mpg	586
SF1841.1.mpg	746
SF1817.1.mpg	640
SF1809.1.mpg	543
SF1826.1.mpg	668
SF1840.1.mpg	578
SF1833.1.mpg	533
SF1824A.1.mpg	830
SF1818.1.mpg	585
SF1828.1.mpg	632
SF1836.1.mpg	517
SF1831.1.mpg	535
SF1842.1.mpg	757
SF1823.1.mpg	696
SF1832B.1.mpg	775
SF1819.1.mpg	1132
SF1815.1.mpg	601
SF1824B.1.mpg	578
SF1816.1.mpg	578
SF1839A.1.mpg	614
SF1834.1.mpg	638
SF1829.1.mpg	702
SF1827.1.mpg	734
SF1810.1.mpg	712
SF1838A.1.mpg	634
SF1808.1.mpg	606
SF1210.1.mpg	297
SF1207.1.mpg	562
SF1238.1.mpg	756
SF1245A.1.mpg	736
SF1228B.1.mpg	710
SF1214B.1.mpg	748
SF2946A-B.1.mpg	993
SF1206B.1.mpg	792
SF1193.1.mpg	446
SF1223.1.mpg	457
SF1212.1.mpg	281
SF2964.1.mpg	832
SF1197B.1.mpg	816
SF1197A.1.mpg	699
SF1230.1.mpg	579
SF1204B.1.mpg	894
SF2950A-D.1.mpg	1961
SF1208.1.mpg	601
SF1886.1.mpg	642
SF1233.1.mpg	518
SF2983.1.mpg	591
SF2941.1.mpg	641
SF1222A.1.mpg	582
SF1204A.1.mpg	902
SF1214C.1.mpg	876
SF1213.1.mpg	343
SF1194.1.mpg	639
SF1228A.1.mpg	785
SF1235.1.mpg	537
SF2857A-B.1.mpg	1042
SF1225.1.mpg	576
SF1237A.1.mpg	381
SF1231.1.mpg	574
SF1226A.1.mpg	827
SF1198.1.mpg	404
SF1209.1.mpg	385
SF1878.1.mpg	948
SF1199.1.mpg	694
SF1206A.1.mpg	421
SF1214A.1.mpg	238
SF1211.1.mpg	252
SF1203.1.mpg	545
SF1192.1.mpg	317
SF1229.1.mpg	436
SF1234.1.mpg	466
SF1227C.1.mpg	643
SF1237B.1.mpg	631
SF2938.1.mpg	784
SF1196.1.mpg	799
SF1195B.1.mpg	804
SF1224.1.mpg	564
SF1239.1.mpg	829
SF1221.1.mpg	817
SF1200.1.mpg	678
SF1227B.1.mpg	657
SF3250A-C.1.mpg	1970
SF1201.1.mpg	543
SF1220.1.mpg	599
SF1236.1.mpg	783
SF1195A.1.mpg	369
SF1227A.1.mpg	678
SF1205.1.mpg	537
SF1202.1.mpg	540
SF1232.1.mpg	449
SF2981A.1.mpg	516
SF1273.1.mpg	567
SF3312.1.mpg	811
SF2967C.1.mpg	583
SF1261A.1.mpg	491
SF2781.1.mpg	729
SF1260.1.mpg	419
SF1258.1.mpg	303
SF1259C.1.mpg	535
SF1280A.1.mpg	688
SF1278A.1.mpg	891
SF1257.1.mpg	769
SF2948A.1.mpg	418
SF1277.1.mpg	676
SF1262A.1.mpg	868
SF2775.1.mpg	214
SF1247A.1.mpg	566
SF3367.1.mpg	543
SF3366.1.mpg	663
SF3365.1.mpg	801
SF1255B.1.mpg	684
SF2948B.1.mpg	575
SF2772.1.mpg	847
SF1248B.1.mpg	670
SF1259A.1.mpg	518
SF1274.1.mpg	650
SF1256A.1.mpg	736
SF2782.1.mpg	588
SF2770B.1.mpg	739
SF1265A.1.mpg	836
SF2771.1.mpg	489
SF1269.1.mpg	934
SF1261B.1.mpg	705
SF1267.1.mpg	746
SF1252C.1.mpg	528
SF3368.1.mpg	666
SF2980.1.mpg	487
SF3369.1.mpg	638
SF1254A.1.mpg	665
SF3071.1.mpg	1056
SF1270.1.mpg	882
SF2777.1.mpg	646
SF1275.1.mpg	586
SF2816A.1.mpg	617
SF1279.1.mpg	670
SF1250.1.mpg	851
SF1268.1.mpg	655
SF1245B.1.mpg	326
SF1264.1.mpg	671
SF2773.1.mpg	573
SF1285.1.mpg	554
SF1263.1.mpg	735
SF2776A-B.1.mpg	1006
SF1253.1.mpg	658
SF1244.1.mpg	592
SF1272.1.mpg	807
SF1259E.1.mpg	408
SF2967A.1.mpg	524
SF1271.1.mpg	668
SF2774.1.mpg	192
SF1249.1.mpg	808
SF1255A.1.mpg	690
SF2985A.1.mpg	606
SF2780.1.mpg	748
SF1256B.1.mpg	274
SF1246.1.mpg	253
SF1248A.1.mpg	510
SF2997F.1.mpg	270
SF2979.1.mpg	605
SF2947.1.mpg	601
SF2779.1.mpg	657
SF2997A-E.1.mpg	2661
SF1259B.1.mpg	719
SF2770A.1.mpg	550
SF1266.1.mpg	544
SF1276.1.mpg	502
SF2768.1.mpg	401
SF1252A.1.mpg	303
SF1252B.1.mpg	583
SF1240.1.mpg	428
SF2778.1.mpg	665
SF2769.1.mpg	294
SF2967B.1.mpg	527
SF1283B.1.mpg	483
SF1300.1.mpg	457
SF2898A.1.mpg	490
SF2996B.1.mpg	600
SF2995.1.mpg	649
SF1301.1.mpg	354
SF1294.1.mpg	827
SF2996A.1.mpg	592
SF1287.1.mpg	813
SF2898D.1.mpg	638
SF1306A.1.mpg	927
SF1306B.1.mpg	647
SF1297A.1.mpg	479
SF1293B.1.mpg	425
SF1292.1.mpg	648
SF1308.1.mpg	533
SF2996D.1.mpg	630
SF3291.1.mpg	593
SF3262B.1.mpg	552
SF1303A.1.mpg	736
SF1286.1.mpg	588
SF1283A.1.mpg	545
SF1288B.1.mpg	440
SF1284.1.mpg	621
SF1290B.1.mpg	602
SF1305A.1.mpg	778
SF2982A.1.mpg	881
SF2817.1.mpg	838
SF1315A.1.mpg	631
SF2898E.1.mpg	604
SF2898B.1.mpg	603
SF1315B.1.mpg	376
SF1282.1.mpg	638
SF2898C.1.mpg	589
SF1867A.1.mpg	587
SF1299.1.mpg	908
SF1988.1.mpg	593
SF1867C.1.mpg	694
SF1303D.1.mpg	832
SF1314.1.mpg	587
SF1291.1.mpg	377
SF1305B.1.mpg	683
SF1319.1.mpg	477
SF1303C.1.mpg	535
SF1304A.1.mpg	869
SF2898G.1.mpg	611
SF2898F.1.mpg	650
SF1290A.1.mpg	689
SF2810.1.mpg	678
SF1307.1.mpg	626
SF1281.1.mpg	801
SF1298.1.mpg	596
SF1309B.1.mpg	465
SF1288A.1.mpg	665
SF1317.1.mpg	594
SF2984A.1.mpg	623
SF1293A.1.mpg	566
SF1309A.1.mpg	514
SF1289.1.mpg	617
SF1303B.1.mpg	734
SF1311.1.mpg	544
SF1296.1.mpg	454
SF2824.1.mpg	688
SF3262A.1.mpg	879
SF1313.1.mpg	518
SF2989.1.mpg	672
SF2996C.1.mpg	578
SF1312.1.mpg	492
SF1295.1.mpg	564
SF1867B.1.mpg	600
SF1316.1.mpg	472
SF1302.1.mpg	584
SF3232A-B.1.mpg	1033
SF2571A-C.1.mpg	1534
SF3319A.1.mpg	575
SF3319B.1.mpg	640
SF3322A-B.1.mpg	1049
SF1985A-E.1.mpg	2059
SF2835.1.mpg	841
SF3238A-B.1.mpg	1080
SF3237.1.mpg	857
SF3239B.1.mpg	510
SF3236A-B.1.mpg	921
SF3239A.1.mpg	516
SF2831A-C.1.mpg	1751
SF1573.1.mpg	695
SF1581.1.mpg	557
SF3297.1.mpg	707
SF1567.1.mpg	803
SF1591.1.mpg	692
SF1593.1.mpg	471
SF1580.1.mpg	561
SF1595A.1.mpg	560
SF1579.1.mpg	711
SF1584.1.mpg	776
SF1600.1.mpg	627
SF1605A.1.mpg	662
SF1598.1.mpg	742
SF1595B.1.mpg	402
SF1589.1.mpg	679
SF1590.1.mpg	924
SF1582.1.mpg	547
SF1606A.1.mpg	477
SF1566A.1.mpg	652
SF1585.1.mpg	620
SF1601.1.mpg	652
SF1602.1.mpg	626
SF1569A.1.mpg	657
SF1570.1.mpg	420
SF1604A.1.mpg	638
SF3230.1.mpg	866
SF1597A.1.mpg	601
SF1576.1.mpg	796
SF1568.1.mpg	491
SF3229.1.mpg	691
SF1599.1.mpg	698
SF3254.1.mpg	942
SF1604B.1.mpg	814
SF1588.1.mpg	634
SF1574.1.mpg	466
SF1577.1.mpg	723
SF1575.1.mpg	824
SF3228.1.mpg	808
SF1565.1.mpg	516
SF3231.1.mpg	960
SF1587.1.mpg	436
SF1572.1.mpg	642
SF1571.1.mpg	809
SF1605B.1.mpg	770
SF1607A.1.mpg	605
SF3217.1.mpg	845
SF1594.1.mpg	643
SF1940A-B.1.mpg	956
SF2899A-H.1.mpg	4363
SF1578A.1.mpg	588
SF1586.1.mpg	685
SF1597B.1.mpg	482
SF3000.1.mpg	748
SF1596.1.mpg	579
SF1592A.1.mpg	463
SF1569B.1.mpg	592
SF1583.1.mpg	416
SF564.1.mpg	845
SF2908.1.mpg	478
SF3005.1.mpg	901
SF3352.1.mpg	797
SF1512.1.mpg	671
SF1504C.1.mpg	497
SF1504B.1.mpg	666
SF3014.1.mpg	715
SF1503.1.mpg	380
SF1498.1.mpg	520
SF1483.1.mpg	585
SF1489.1.mpg	838
SF1486.1.mpg	750
SF1508.1.mpg	712
SF1481.1.mpg	702
SF1513A.1.mpg	531
SF3296A.1.mpg	565
SF1517.1.mpg	636
SF1514.1.mpg	724
SF3200A.1.mpg	714
SF1488.1.mpg	761
SF1500A.1.mpg	579
SF1928.1.mpg	818
SF1484.1.mpg	680
SF1515.1.mpg	697
SF1516A2.1.mpg	266
SF1502.1.mpg	314
SF1513B.1.mpg	498
SF1482.1.mpg	548
SF1493.1.mpg	807
SF1499B.1.mpg	746
SF1480.1.mpg	410
SF1492.1.mpg	849
SF1501.1.mpg	644
SF1509.1.mpg	543
SF3316.1.mpg	605
SF1511B.1.mpg	711
SF1506.1.mpg	646
SF1500B.1.mpg	740
SF2928A-C.1.mpg	1471
SF1499C.1.mpg	682
SF1500C.1.mpg	424
SF1485.1.mpg	511
SF1495A.1.mpg	585
SF1497.1.mpg	735
SF1496.1.mpg	740
SF1490.1.mpg	699
SF3300.1.mpg	1824
SF1510.1.mpg	741
SF2818A.1.mpg	700
SF1504A.1.mpg	556
SF1494.1.mpg	641
SF1507.1.mpg	617
SF1499A.1.mpg	829
SF1511A.1.mpg	771
SF1487.1.mpg	531
SF1505.1.mpg	589
SF1491.1.mpg	665
SF1516A1.1.mpg	549
SF1500D.1.mpg	722
SF1986E.1.mpg	664
SF2800.1.mpg	820
SF1958.1.mpg	732
SF3271.1.mpg	617
SF2542C.1.mpg	681
SF2543A.1.mpg	472
SF1986B.1.mpg	540
SF2553A.1.mpg	644
SF2654.1.mpg	569
SF3048.1.mpg	509
SF674B.1.mpg	564
SF3175.1.mpg	691
SF679A.1.mpg	497
SF2765.1.mpg	376
SF2542A.1.mpg	500
SF3017.1.mpg	624
SF1986D.1.mpg	478
SF2789.1.mpg	940
SF2764.1.mpg	328
SF1986A.1.mpg	531
SF675.1.mpg	560
SF689.1.mpg	575
SF1986G.1.mpg	568
SF3194.1.mpg	723
SF2763.1.mpg	315
SF1986C.1.mpg	587
SF694.1.mpg	631
SF1986F.1.mpg	375
SF3055.1.mpg	417
SF3070.1.mpg	544
SF1384.1.mpg	612
SF3240B.1.mpg	603
SF1371.1.mpg	922
SF1398.1.mpg	567
SF1396.1.mpg	510
SF2843.1.mpg	686
SF1887.1.mpg	714
SF1383.1.mpg	891
SF1382A.1.mpg	873
SF3010.1.mpg	939
SF1387.1.mpg	766
SF3248.1.mpg	641
SF3241D.1.mpg	843
SF3003.1.mpg	771
SF1362.1.mpg	604
SF3240C.1.mpg	363
SF3242C.1.mpg	854
SF3242D.1.mpg	585
SF1363.1.mpg	665
SF1392.1.mpg	639
SF1389B.1.mpg	555
SF1366.1.mpg	706
SF2858.1.mpg	501
SF1372.1.mpg	926
SF3241C.1.mpg	620
SF2990.1.mpg	743
SF1374.1.mpg	529
SF1379.1.mpg	345
SF3240A.1.mpg	599
SF1373.1.mpg	698
SF1381A.1.mpg	331
SF1388.1.mpg	555
SF1367.1.mpg	836
SF3241B.1.mpg	578
SF1368.1.mpg	583
SF1400.1.mpg	537
SF1397.1.mpg	594
SF1380.1.mpg	463
SF1395.1.mpg	749
SF3242E.1.mpg	560
SF3242A.1.mpg	555
SF1393.1.mpg	701
SF1378A.1.mpg	745
SF3242B.1.mpg	1430
SF1385B.1.mpg	603
SF1378B.1.mpg	643
SF1391.1.mpg	588
SF1343.1.mpg	589
SF1389A.1.mpg	577
SF1399.1.mpg	533
SF1364.1.mpg	424
SF2839A.1.mpg	633
SF1385C.1.mpg	462
SF3241A.1.mpg	626
SF1375.1.mpg	696
SF1390.1.mpg	559
SF1385A.1.mpg	681
SF1365.1.mpg	603
SF1377.1.mpg	740
SF1386.1.mpg	772
SF1370.1.mpg	843
SF1401.1.mpg	481
SF1394.1.mpg	386
SF1376.1.mpg	473
SF1369.1.mpg	880
SF945G.1.mpg	532
SF1772B.1.mpg	265
SF794.1.mpg	402
SF805.1.mpg	508
SF1784B.1.mpg	223
SF780A.1.mpg	724
SF804.1.mpg	797
SF2618.1.mpg	760
SF1775B.1.mpg	219
SF3115.1.mpg	556
SF773.1.mpg	597
SF3116.1.mpg	443
SF795A.1.mpg	672
SF1963A.1.mpg	396
SF806.1.mpg	567
SF803.1.mpg	617
SF784.1.mpg	514
SF796.1.mpg	696
SF787A.1.mpg	620
SF785.1.mpg	701
SF797.1.mpg	791
SF788.1.mpg	471
SF781.1.mpg	603
SF1783B.1.mpg	153
SF799.1.mpg	694
SF3117.1.mpg	586
SF2842.1.mpg	970
SF783.1.mpg	643
SF800.1.mpg	594
SF771.1.mpg	783
SF790A.1.mpg	609
SF778A.1.mpg	428
SF779.1.mpg	750
SF802.1.mpg	606
SF775.1.mpg	581
SF2632.1.mpg	651
SF2631.1.mpg	396
SF1781B.1.mpg	243
SF786.1.mpg	802
SF2617.1.mpg	652
SF782.1.mpg	460
SF3354.1.mpg	167
SF1807.1.mpg	583
SF780B.1.mpg	636
SF790B.1.mpg	591
SF2805.1.mpg	923
SF2612.1.mpg	674
SF774.1.mpg	710
SF807.1.mpg	656
SF801.1.mpg	561
SF809A.1.mpg	521
SF1778B.1.mpg	250
SF1961.1.mpg	895
SF1774B.1.mpg	236
SF1776C.1.mpg	232
SF3111B.1.mpg	837
SF2614A-F.1.mpg	3434
SF776A.1.mpg	461
SF2627.1.mpg	851
SF793.1.mpg	586
SF776B.1.mpg	339
SF1779B.1.mpg	220
SF3111A.1.mpg	626
SF1963B.1.mpg	314
SF808.1.mpg	529
SF792A.1.mpg	786
SF3256A.1.mpg	579
SF777.1.mpg	552
SF1773B.1.mpg	211
SF2616.1.mpg	621
SF3256B.1.mpg	416
SF2391C.1.mpg	552
SF2391A.1.mpg	706
SF1450.1.mpg	708
SF1479A.1.mpg	784
SF1447.1.mpg	523
SF1463B.1.mpg	537
SF1470.1.mpg	1004
SF3107A-B.1.mpg	1128
SF1467.1.mpg	575
SF1463A.1.mpg	612
SF1468.1.mpg	633
SF1454.1.mpg	507
SF3011A-B.1.mpg	1323
SF1471.1.mpg	564
SF3012C.1.mpg	563
SF3223.1.mpg	859
SF1474.1.mpg	646
SF1469.1.mpg	685
SF1473.1.mpg	755
SF1451.1.mpg	843
SF1466B.1.mpg	416
SF1478B.1.mpg	531
SF1460A.1.mpg	295
SF3008A.1.mpg	762
SF1446.1.mpg	583
SF2978A-B.1.mpg	1092
SF1444.1.mpg	533
SF3012A.1.mpg	456
SF1448.1.mpg	590
SF1461.1.mpg	459
SF1456.1.mpg	613
SF1478A.1.mpg	602
SF2999.1.mpg	715
SF1476.1.mpg	520
SF1443.1.mpg	592
SF2838A.1.mpg	896
SF1477.1.mpg	620
SF1464.1.mpg	663
SF1457.1.mpg	554
SF1472.1.mpg	917
SF3013.1.mpg	703
SF1455.1.mpg	626
SF1452.1.mpg	776
SF3226.1.mpg	571
SF3008B.1.mpg	823
SF1445.1.mpg	491
SF2838B.1.mpg	308
SF1462A.1.mpg	714
SF1465.1.mpg	631
SF3317B.1.mpg	792
SF1479B.1.mpg	678
SF1453.1.mpg	420
SF1475.1.mpg	632
SF1449.1.mpg	600
SF1458.1.mpg	539
SF2837B.1.mpg	523
SF1459.1.mpg	267
SF1466A.1.mpg	570
SF1462B.1.mpg	623
SF3012B.1.mpg	545
SF3317A.1.mpg	607
SF2837A.1.mpg	935
SF1479C.1.mpg	595
SF1442.1.mpg	621
SF1118.1.mpg	820
SF1123A.1.mpg	574
SF1129.1.mpg	671
SF2933.1.mpg	540
SF1116B.1.mpg	782
SF1116C.1.mpg	539
SF1137B.1.mpg	587
SF1137A.1.mpg	699
SF1122.1.mpg	679
SF1124A.1.mpg	652
SF1134B.1.mpg	667
SF2957.1.mpg	533
SF1117.1.mpg	661
SF1143B.1.mpg	912
SF1130A.1.mpg	787
SF1115C.1.mpg	563
SF2861.1.mpg	954
SF1121.1.mpg	574
SF1115A.1.mpg	627
SF1128D.1.mpg	531
SF2955.1.mpg	608
SF1128A.1.mpg	709
SF1136.1.mpg	695
SF1137C.1.mpg	720
SF1133A.1.mpg	827
SF1116A.1.mpg	340
SF2821A-B.1.mpg	1025
SF2937.1.mpg	584
SF1130B.1.mpg	651
SF1139.1.mpg	643
SF2738.1.mpg	617
SF1126.1.mpg	908
SF1123B.1.mpg	570
SF1990A-H.1.mpg	4271
SF1113D.1.mpg	636
SF1142.1.mpg	822
SF1135A.1.mpg	685
SF1135C.1.mpg	695
SF1135B.1.mpg	712
SF1119B.1.mpg	855
SF1131B.1.mpg	706
SF1119A.1.mpg	432
SF2934.1.mpg	705
SF1127A.1.mpg	631
SF1114B.1.mpg	511
SF1119C.1.mpg	398
SF1140A.1.mpg	954
SF2951.1.mpg	729
SF2966.1.mpg	429
SF1141B.1.mpg	643
SF1130D.1.mpg	575
SF1141A.1.mpg	409
SF2737.1.mpg	492
SF1132.1.mpg	659
SF1140B.1.mpg	825
SF1134A.1.mpg	655
SF1138.1.mpg	854
SF1116D.1.mpg	908
SF1128C.1.mpg	613
SF1127B.1.mpg	609
SF1113A.1.mpg	586
SF1115B.1.mpg	738
SF2783.1.mpg	689
SF1130C.1.mpg	655
SF1125.1.mpg	557
SF1120.1.mpg	573
SF1131A.1.mpg	613
SF1128B.1.mpg	400
SF2943.1.mpg	398
SF1147B.1.mpg	868
SF1114A.1.mpg	663
SF1133.1.mpg	948
SF2871B.1.mpg	474
SF3122.1.mpg	515
SF850C.1 Bok räddas, 1934.mpg	813
SF762.1.mpg	380
SF2726.1.mpg	346
SF3206.1.mpg	689
SF2645.1 Se Sverige del 4, 1934.mpg	691
SF810.1 Modern reklamfilm 1934.mpg	797
SF1215-18.1.mpg	768
SF1888.1.mpg	767
SF3344.1.mpg	683
SF2962A-B.1.mpg	1168
SF2832.1.mpg	767
SF2666A.1.mpg	696
SF2855A-C.1.mpg	1425
SF1005.1 Böckdtröm visar kamera på Liljevalchs, 1939.mpg	538
SF3204.1 om fotografi UFA 1936.mpg	566
SF1310A-B.1.mpg	1400
SF2913.1.mpg	740
SF3153.1.mpg	534
SF2391B.1.mpg	1153
SF3207.1.Astronomi 1937mpg.mpg	587
SF812.1. Göteborgsminnen Sjöfartsmuseet 1934mpg.mpg	636
SF3205B.1.Atronomi 1935-36mpg.mpg	621
SF2836A-E.1.mpg	3056
SF769C.1 dans england.mpg	562
SF2793.1.mpg	668
SF3299.1.mpg	343
SF944.1Reklamen tjänar samhället, 1937.mpg	403
SF2635B.1.mpg	599
SF1899.1.mpg	440
SF2891A.1. Åhlen o Holm 1939mpg.mpg	422
SF1026C.1.mpg	553
SF2925A-C.1.mpg	1828
SF2905.1.mpg	666
SF2682C.1.mpg	562
SF1028A.1.mpg	387
SF1020B.1.mpg	684
SF1010A.1.mpg	374
SF1024D.1.mpg	528
SF1259D.1.mpg	618
SF1037A.1.mpg	918
SF1031.1.mpg	1491
SF1038A.1.mpg	618
SF1027B.1.mpg	825
SF2881.1.mpg	776
SF1032B.1.mpg	614
SF1027A.1.mpg	842
SF1013A.1.mpg	777
SF1021.1.mpg	551
SF1042C.1.mpg	538
SF1014.1.mpg	571
SF2730.1.mpg	507
SF1029.1.mpg	250
SF1037G.1.mpg	765
SF1016A.1.mpg	633
SF1015C.1.mpg	631
SF1024B.1.mpg	750
SF2656A.1.mpg	492
SF2903.1.mpg	452
SF2731.1.mpg	464
SF1009B.1.mpg	845
SF1042B.1.mpg	490
SF1017.1.mpg	507
SF2702.1.mpg	959
SF2684.1.mpg	548
SF2682B.1.mpg	591
SF2877.1.mpg	622
SF2904A.1.mpg	814
SF1025A.1.mpg	882
SF2788.1.mpg	681
SF2678.1.mpg	728
SF1030.1.mpg	530
SF2813.1.mpg	854
SF2890.1.mpg	388
SF1040.1.mpg	659
SF2682A.1.mpg	565
SF1018.1.mpg	429
SF1028B.1.mpg	605
SF2917.1.mpg	619
SF2922.1.mpg	587
SF1037F.1.mpg	862
SF1026B.1.mpg	720
SF2975.1.mpg	362
SF2887.1.mpg	607
SF1024C.1.mpg	778
SF1921.1.mpg	763
SF1023A.1.mpg	521
SF2686.1.mpg	389
SF2690.1.mpg	709
SF2787.1.mpg	468
SF2896.1.mpg	621
SF2909A-B.1.mpg	1904
SF2902.1.mpg	784
SF1025C.1.mpg	521
SF1039A.1.mpg	598
SF1009A.1.mpg	455
SF1028C.1.mpg	790
SF1006.1.mpg	570
SF1010B.1.mpg	433
SF1025B.1.mpg	674
SF2889.1.mpg	482
SF1025D.1.mpg	710
SF1024A.1.mpg	707
SF2717.1.mpg	672
SF2797.1.mpg	680
SF1022.1.mpg	785
SF1019.1.mpg	654
SF1962.1.mpg	688
SF2901A.1.mpg	622
SF2977.1.mpg	487
SF1036.1.mpg	535
SF2886.1.mpg	569
SF1037D.1.mpg	736
SF2894.1.mpg	468
SF2718.1.mpg	652
SF2880.1.mpg	344
SF1007.1.mpg	603
SF1020A.1.mpg	396
SF1041A.1.mpg	615
SF1015A.1.mpg	349
SF2923.1.mpg	548
SF3321.1.mpg	530
SF1035.1.mpg	624
SF1012.1.mpg	357
SF1042A.1.mpg	641
SF2798.1.mpg	457
SF2901B.1.mpg	624
SF2683.1.mpg	481
SF1032A.1.mpg	500
SF1008.1.mpg	408
SF1011.1.mpg	498
SF2907.1.mpg	565
SF1034.1.mpg	745
SF1033.1.mpg	825
SF2685.1.mpg	671
SF2910.1.mpg	500
SF1027C.1.mpg	571
SF1013B.1.mpg	783
SF1016B.1.mpg	309
SF1015B.1.mpg	683
SF1039B.1.mpg	708
SF2901C.1.mpg	835
SF1037C.1.mpg	779
SF1026A.1.mpg	562
SF2729.1.mpg	561
SF2927.1.mpg	573
SF2888.1.mpg	816
SF1326A.1.mpg	848
SF1358.1.mpg	633
SF1338.1.mpg	264
SF2825A.1.mpg	478
SF1332.1.mpg	544
SF1345.1.mpg	612
SF2803.1.mpg	879
SF1333.1.mpg	541
SF1328A.1.mpg	676
SF1342B.1.mpg	503
SF1347.1.mpg	702
SF1329.1.mpg	770
SF1320.1.mpg	574
SF1354.1.mpg	682
SF1349.1.mpg	501
SF1353.1.mpg	699
SF1322.1.mpg	567
SF2959.1.mpg	692
SF2825B.1.mpg	586
SF1351.1.mpg	583
SF1352.1.mpg	684
SF2804.1.mpg	854
SF1355.1.mpg	477
SF1323A.1.mpg	651
SF1341.1.mpg	269
SF1344.1.mpg	901
SF1336.1.mpg	517
SF3009A-D.1.mpg	2399
SF1327.1.mpg	937
SF1339.1.mpg	394
SF1324.1.mpg	285
SF1346A.1.mpg	586
SF1335.1.mpg	729
SF1334.1.mpg	647
SF3001.1.mpg	537
SF1342A.1.mpg	507
SF1357.1.mpg	503
SF1321.1.mpg	766
SF1331.1.mpg	841
SF2988.1.mpg	670
SF1350.1.mpg	688
SF1359.1.mpg	602
SF1361.1.mpg	503
SF1348.1.mpg	710
SF2845.1.mpg	957
SF1330.1.mpg	489
SF1323C.1.mpg	604
SF3006.1.mpg	716
SF1325.1.mpg	907
SF1323B.1.mpg	483
SF1328B.1.mpg	456
SF1356.1.mpg	583
SF1337.1.mpg	300
SF1360.1.mpg	613
SF3308.1.mpg	451
SF3309A.1.mpg	555
SF3309B.1.mpg	627
SF3309C.1.mpg	444
SF1849.1.mpg	535
SF1848.1.mpg	584
SF1858.1.mpg	616
SF1850.1.mpg	646
SF1852.1.mpg	595
SF1866A.1.mpg	658
SF1846.1.mpg	648
SF1851.1.mpg	381
SF1855.1.mpg	518
SF1853.1.mpg	721
SF1844.1.mpg	948
SF1860A.1.mpg	666
SF1854.1.mpg	609
SF1845.1.mpg	559
SF1857A.1.mpg	547
SF1859A-B.1.mpg	1052
SF1856.1.mpg	705
SF1847A.1.mpg	623
SF3152.1.mpg	564
SF886.1.mpg	499
SF879A.1.mpg	619
SF2660A.1.mpg	571
SF871C.1.mpg	838
SF849.1.mpg	813
SF3158.1.mpg	586
SF850A.1.mpg	887
SF3155.1.mpg	536
SF867A.1.mpg	651
SF881A.1.mpg	518
SF853A.1.mpg	849
SF2663.1.mpg	454
SF2819.1.mpg	821
SF883.1.mpg	655
SF2573D.1.mpg	588
SF3137.1.mpg	689
SF866D.1.mpg	586
SF2649.1.mpg	594
SF3162.1.mpg	810
SF2659D.1.mpg	718
SF3161A-C.1.mpg	1350
SF863B.1.mpg	680
SF2659B.1.mpg	574
SF877A.1.mpg	564
SF3205A.1.mpg	725
SF872.1.mpg	656
SF2699.1.mpg	570
SF3187.1.mpg	579
SF857.1.mpg	826
SF869B.1.mpg	531
SF2698.1.mpg	660
SF3144.1.mpg	439
SF3134.1.mpg	639
SF855B.1.mpg	888
SF869A.1.mpg	682
SF864A.1.mpg	618
SF878A.1.mpg	482
SF2660B.1.mpg	836
SF855A.1.mpg	393
SF874.1.mpg	659
SF2584.1.mpg	666
SF871A.1.mpg	520
SF881B.1.mpg	747
SF2659C.1.mpg	654
SF2659A.1.mpg	722
SF863A.1.mpg	546
SF1843.1.mpg	621
SF3178.1.mpg	570
SF2688.1.mpg	927
SF3130.1.mpg	491
SF868B.1.mpg	513
SF862.1.mpg	834
SF878C.1.mpg	566
SF861A.1.mpg	718
SF884A.1.mpg	662
SF2892.1.mpg	642
SF2662.1.mpg	714
SF866A.1.mpg	566
SF3105.1.mpg	803
SF865B.1.mpg	441
SF3142.1.mpg	485
SF876B.1.mpg	836
SF878B.1.mpg	484
SF3151.1.mpg	651
SF875B.1.mpg	579
SF924B.1.mpg	671
SF880.1.mpg	416
SF861B.1.mpg	538
SF879C.1.mpg	340
SF871B.1.mpg	698
SF853B.1.mpg	471
SF3156.1.mpg	534
SF2655.1.mpg	907
SF882B.1.mpg	706
SF2661C.1.mpg	519
SF3141.1.mpg	551
SF3154.1.mpg	506
SF868A.1.mpg	375
SF3138.1.mpg	557
SF877B.1.mpg	552
SF2661A.1.mpg	813
SF3143.1.mpg	621
SF852.1.mpg	793
SF873.1.mpg	690
SF884B.1.mpg	905
SF3157.1.mpg	572
SF3139.1.mpg	591
SF2786.1.mpg	471
SF876C.1.mpg	564
SF885B.1.mpg	558
SF876A.1.mpg	586
SF850B.1.mpg	715
SF1883.1.mpg	746
SF885A.1.mpg	600
SF859.1.mpg	808
SF858.1.mpg	640
SF879B.1.mpg	475
SF887.1.mpg	677
SF851.1.mpg	384
SF3148.1.mpg	866
SF2998A-F.1.mpg	3460
SF3191.1.mpg	532
SF3179.1.mpg	834
SF866C.1.mpg	369
SF866B.1.mpg	758
SF879E.1.mpg	845
SF2952.1.mpg	680
SF854.1.mpg	423
SF3182.1.mpg	616
SF879D.1.mpg	690
SF2695.1.mpg	619
SF856.1.mpg	675
SF870.1.mpg	424
SF882A.1.mpg	388
SF860.1.mpg	504
SF865A.1.mpg	471
SF875A.1.mpg	410
SF1070.1.mpg	442
SF2691.1.mpg	675
SF1055E.1.mpg	725
SF1051.1.mpg	512
SF1076.1.mpg	915
SF2715.1.mpg	464
SF1080.1.mpg	517
SF1061A.1.mpg	758
SF1072A.1.mpg	399
SF1059B.1.mpg	560
SF2714.1.mpg	633
SF1063A.1.mpg	663
SF1052A.1.mpg	785
SF2911B.1.mpg	537
SF1050.1.mpg	535
SF1879.1.mpg	889
SF2708.1.mpg	714
SF2723.1.mpg	716
SF1066.1.mpg	723
SF1989A.1.mpg	367
SF1072B.1.mpg	576
SF1053B.1.mpg	597
SF1048A.1.mpg	606
SF1043C.1.mpg	666
SF2728.1.mpg	453
SF1059A.1.mpg	732
SF2911A.1.mpg	556
SF1068.1.mpg	480
SF2704.1.mpg	450
SF2712.1.mpg	588
SF1047.1.mpg	869
SF1058.1.mpg	496
SF1045C.1.mpg	595
SF1063C.1.mpg	423
SF1054.1.mpg	614
SF3209.1.mpg	854
SF1077.1.mpg	816
SF1065.1.mpg	910
SF1055D.1.mpg	740
SF1064B.1.mpg	550
SF1045A.1.mpg	513
SF1048B.1.mpg	640
SF1069.1.mpg	688
SF1067.1.mpg	859
SF2719.1.mpg	552
SF1053A.1.mpg	836
SF1027D.1.mpg	788
SF1061C.1.mpg	825
SF1057A.1.mpg	514
SF2706.1.mpg	650
SF1043A.1.mpg	714
SF1073A.1.mpg	759
SF1057B.1.mpg	652
SF2727.1.mpg	431
SF2725.1.mpg	625
SF1049A.1.mpg	322
SF3224.1.mpg	672
SF1072D.1.mpg	732
SF1046.1.mpg	376
SF1045B.1.mpg	661
SF1055A.1.mpg	573
SF2713.1.mpg	516
SF1074.1.mpg	654
SF1052B.1.mpg	515
SF1075.1.mpg	814
SF1056.1.mpg	461
SF1989B.1.mpg	949
SF2700.1.mpg	570
SF1071A.1.mpg	668
SF2707.1.mpg	660
SF1064A.1.mpg	447
SF2711.1.mpg	840
SF1055C.1.mpg	539
SF3104.1.mpg	839
SF2716.1.mpg	693
SF2710.1.mpg	618
SF1071B.1.mpg	994
SF2709.1.mpg	649
SF1044.1.mpg	608
SF1060.1.mpg	853
SF1055B.1.mpg	694
SF2705.1.mpg	553
SF906.1.mpg	775
SF926A.1.mpg	588
SF923.1.mpg	436
SF2653G.1.mpg	543
SF2971.1.mpg	836
SF895.1.mpg	589
SF3198.1.mpg	630
SF891C.1.mpg	755
SF2963.1.mpg	990
SF891E.1.mpg	328
SF2919.1.mpg	713
SF3172A.1.mpg	569
SF2982B.1.mpg	535
SF912B.1.mpg	579
SF918B.1.mpg	658
SF3180.1.mpg	524
SF919A.1.mpg	417
SF2697.1.mpg	646
SF2650D.1.mpg	508
SF919B.1.mpg	710
SF889B.1.mpg	581
SF2653A.1.mpg	608
SF2658.1.mpg	724
SF3202.1.mpg	562
SF3196.1.mpg	800
SF3149.1.mpg	611
SF2650B.1.mpg	490
SF3171C.1.mpg	357
SF3040A.1.mpg	223
SF896B.1.mpg	725
SF3164.1.mpg	736
SF3126.1.mpg	471
SF891D.1.mpg	485
SF2973.1.mpg	135
SF901A.1.mpg	683
SF900B.1.mpg	745
SF2811.1.mpg	677
SF2650E.1.mpg	414
SF3171B.1.mpg	625
SF897.1.mpg	439
SF920.1.mpg	453
SF3172C.1.mpg	847
SF905A.1.mpg	573
SF909A.1.mpg	603
SF945H.1.mpg	841
SF902A.1.mpg	485
SF893.1.mpg	333
SF905B.1.mpg	568
SF918A.1.mpg	291
SF2652B.1.mpg	567
SF2635A.1.mpg	454
SF894.1.mpg	608
SF2814.1.mpg	594
SF2871A.1.mpg	645
SF909E.1.mpg	512
SF2801.1.mpg	609
SF2795.1.mpg	782
SF912A.1.mpg	645
SF891B.1.mpg	566
SF907B.1.mpg	703
SF2650A.1.mpg	601
SF890.1.mpg	570
SF3160.1.mpg	795
SF922.1.mpg	353
SF3181.1.mpg	527
SF892A.1.mpg	393
SF1861.1.mpg	754
SF3190A.1.mpg	626
SF3173.1.mpg	491
SF2653C.1.mpg	426
SF914A.1.mpg	521
SF2652A.1.mpg	680
SF908E.1.mpg	538
SF3199.1.mpg	722
SF888.1.mpg	483
SF3290.1.mpg	536
SF3147.1.mpg	518
SF2972.1.mpg	624
SF3197.1.mpg	623
SF2918.1.mpg	519
SF915B.1.mpg	577
SF3190B.1.mpg	634
SF3171A.1.mpg	478
SF3145.1.mpg	589
SF921.1.mpg	453
SF2969.1.mpg	922
SF899B.1.mpg	363
SF3163.1.mpg	603
SF1978B.1.mpg	620
SF900A.1.mpg	708
SF919C.1.mpg	415
SF892B.1.mpg	484
SF2968.1.mpg	830
SF2651A-G.1.mpg	3945
SF915A.1.mpg	510
SF3168.1.mpg	930
SF2653H.1.mpg	746
SF3172B.1.mpg	618
SF915C.1.mpg	738
SF924A.1.mpg	293
SF2653J.1.mpg	870
SF3201.1.mpg	624
SF899A.1.mpg	558
SF2974.1.mpg	351
SF902B.1.mpg	495
SF898.1.mpg	654
SF3150.1.mpg	401
SF2870.1.mpg	553
SF908A.1.mpg	642
SF914B.1.mpg	515
SF2653D.1.mpg	610
SF891A.1.mpg	727
SF910A.1.mpg	486
SF2619.1.mpg	787
SF925B.1.mpg	614
SF896A.1.mpg	669
SF2970.1.mpg	664
SF2653F.1.mpg	650
SF917.1.mpg	617
SF891F.1.mpg	935
SF3159.1.mpg	797
SF904.1.mpg	363
SF2653I.1.mpg	758
SF911.1.mpg	662
SF925A.1.mpg	555
SF910C.1.mpg	595
SF913.1.mpg	455
SF903.1.mpg	276
SF916B.1.mpg	849
SF908D.1.mpg	528
SF2653E.1.mpg	617
SF916A.1.mpg	571
SF2869.1.mpg	638
SF3094.1.mpg	788
SF2672.1.mpg	639
SF889A.1.mpg	490
SF907A.1.mpg	771
SF1978A.1.mpg	486
SF2696.1.mpg	613
SF910B.1.mpg	753
SF821.1.mpg	658
SF2859.1.mpg	388
SF3266B.1.mpg	688
SF826A.1.mpg	792
SF2785.1.mpg	561
SF2667.1.mpg	341
SF841B.1.mpg	700
SF1825.1.mpg	481
SF2599.1.mpg	460
SF2639.1.mpg	401
SF3266C.1.mpg	827
SF827A.1.mpg	616
SF840.1.mpg	531
SF3118.1.mpg	755
SF3266A.1.mpg	769
SF3127.1.mpg	667
SF847A.1.mpg	842
SF2762.1.mpg	414
SF825.1.mpg	710
SF817.1.mpg	549
SF3129.1.mpg	450
SF823.1.mpg	740
SF3128.1.mpg	516
SF2643.1.mpg	574
SF2620.1.mpg	571
SF2694.1.mpg	798
SF3120.1.mpg	786
SF3132.1.mpg	677
SF820.1.mpg	700
SF1877C.1.mpg	543
SF845.1.mpg	582
SF2648.1.mpg	612
SF3119.1.mpg	696
SF836.1.mpg	806
SF2630A.1.mpg	563
SF3124.1.mpg	553
SF2630C.1.mpg	783
SF848C.1.mpg	715
SF846.1.mpg	602
SF815.1.mpg	521
SF2624.1.mpg	370
SF3188.1.mpg	729
SF816A.1.mpg	400
SF835.1.mpg	696
SF3140.1.mpg	534
SF824.1.mpg	647
SF831.1.mpg	340
SF2621.1.mpg	287
SF2638A.1.mpg	729
SF816B.1.mpg	523
SF811B.1.mpg	526
SF2647.1.mpg	535
SF829A.1.mpg	501
SF828C.1.mpg	644
SF3125.1.mpg	503
SF2630B.1.mpg	636
SF848A.1.mpg	623
SF2623A.1.mpg	877
SF3135.1.mpg	521
SF848B.1.mpg	783
SF811A.1.mpg	430
SF2633.1.mpg	727
SF819.1.mpg	733
SF829B.1.mpg	324
SF2790.1.mpg	717
SF2646.1.mpg	671
SF813.1.mpg	851
SF2693.1.mpg	457
SF841A.1.mpg	847
SF2641.1.mpg	410
SF3066.1.mpg	695
SF2625.1.mpg	675
SF908B.1.mpg	746
SF844A.1.mpg	594
SF3136.1.mpg	397
SF834.1.mpg	571
SF3189.1.mpg	826
SF839A.1.mpg	246
SF3052C.1.mpg	680
SF2601.1.mpg	571
SF2603.1.mpg	694
SF757A.1.mpg	492
SF751.1.mpg	734
SF3260.1.mpg	504
SF3052A.1.mpg	563
SF759.1.mpg	705
SF752A.1.mpg	805
SF3059.1.mpg	501
SF1964A-B.1.mpg	755
SF744A.1.mpg	769
SF2606.1.mpg	747
SF766.1.mpg	688
SF769F.1.mpg	402
SF2605A-B.1.mpg	890
SF753A.1.mpg	802
SF2600.1.mpg	425
SF768A.1.mpg	496
SF749.1.mpg	331
SF764A-B.1.mpg	902
SF740.1.mpg	748
SF739A.1.mpg	595
SF767.1.mpg	633
SF769H.1.mpg	539
SF763.1.mpg	770
SF769A.1.mpg	916
SF737.1.mpg	780
SF765.1.mpg	770
SF2597A-C.1.mpg	1676
SF2598B.1.mpg	452
SF3057.1.mpg	961
SF3052D.1.mpg	666
SF3052B.1.mpg	687
SF1960.1.mpg	492
SF754.1.mpg	607
SF736.1.mpg	841
SF2595A-C.1.mpg	1567
SF770A.1.mpg	526
SF769D.1.mpg	453
SF745.1.mpg	631
SF770B.1.mpg	654
SF748.1.mpg	915
SF1959.1.mpg	690
SF2596A-B.1.mpg	1100
SF761.1.mpg	532
SF2607.1.mpg	639
SF747.1.mpg	731
SF769G.1.mpg	523
SF2668.1.mpg	759
SF769B.1.mpg	437
SF769E.1.mpg	481
SF764C.1.mpg	594
SF2554.1.mpg	698
SF758.1.mpg	521
SF2925F.1.mpg	589
SF708A.1.mpg	566
SF723B.1.mpg	772
SF2561.1.mpg	576
SF2608.1.mpg	789
SF709A.1.mpg	585
SF3053B.1.mpg	450
SF715.1.mpg	757
SF3054.1.mpg	344
SF710.1.mpg	877
SF2563.1.mpg	330
SF3053A.1.mpg	564
SF716A.1.mpg	672
SF714.1.mpg	792
SF718.1.mpg	748
SF713.1.mpg	850
SF733.1.mpg	724
SF2767.1.mpg	555
SF723A.1.mpg	561
SF721.1.mpg	823
SF711.1.mpg	690
SF2562B.1.mpg	562
SF2564.1.mpg	378
SF727.1.mpg	607
SF3056.1.mpg	1253
SF2562A.1.mpg	470
SF705.1.mpg	611
SF722.1.mpg	671
SF730.1.mpg	344
SF3047.1.mpg	666
SF3058.1.mpg	865
SF729A.1.mpg	283
SF2560.1.mpg	463
SF717A.1.mpg	590
SF712.1.mpg	783
SF707.1.mpg	720
SF3233A.1.mpg	539
SF2167A-B.1.mpg	952
SF3233B.1.mpg	493
SF2064A.1.mpg	596
SF2064B.1.mpg	454
SF1422.1.mpg	829
SF1424.1.mpg	705
SF1403.1.mpg	546
SF1426.1.mpg	850
SF1414.1.mpg	655
SF1407A.1.mpg	661
SF1433.1.mpg	506
SF1415.1.mpg	404
SF1409.1.mpg	755
SF1407B.1.mpg	471
SF1405.1.mpg	570
SF2993.1.mpg	756
SF1428.1.mpg	695
SF1884.1.mpg	907
SF1431A.1.mpg	630
SF1434.1.mpg	640
SF1406.1.mpg	728
SF1419.1.mpg	454
SF1423.1.mpg	782
SF1429.1.mpg	615
SF1413.1.mpg	755
SF1412.1.mpg	409
SF1870B.1.mpg	669
SF1441.1.mpg	600
SF1421.1.mpg	744
SF1410.1.mpg	669
SF1438.1.mpg	542
SF1408A.1.mpg	737
SF3007A-C.1.mpg	1541
SF3102.1.mpg	602
SF1420.1.mpg	670
SF2991.1.mpg	793
SF1425.1.mpg	671
SF1417.1.mpg	524
SF1404.1.mpg	559
SF2828.1.mpg	699
SF1427.1.mpg	850
SF3015A.1.mpg	417
SF2992.1.mpg	534
SF1431B.1.mpg	747
SF1411.1.mpg	665
SF1416.1.mpg	891
SF1432.1.mpg	771
SF1870A.1.mpg	483
SF3314.1.mpg	872
SF2994.1.mpg	680
SF2840.1.mpg	541
SF1437.1.mpg	778
SF3015B.1.mpg	262
SF1408B.1.mpg	401
SF1402.1.mpg	510
SF1439.1.mpg	485
SF1435.1.mpg	472
SF1430.1.mpg	496
SF1436.1.mpg	651
SF1418.1.mpg	817
SF2208.1.mpg	685
SF1866B.1.mpg	507
SF3234.1.mpg	706
SF3267.1.mpg	491
SF2480A.1.mpg	626
SF1799.1.mpg	668
SF1774A.1.mpg	745
SF1786.1.mpg	685
SF1783A.1.mpg	529
SF1800.1.mpg	823
SF1769.1.mpg	621
SF1772A.1.mpg	762
SF1792.1.mpg	600
SF1784A.1.mpg	568
SF1791.1.mpg	589
SF1781A.1.mpg	684
SF1797.1.mpg	597
SF2856A-B.1.mpg	1083
SF1803.1.mpg	474
SF1771.1.mpg	576
SF1773A.1.mpg	570
SF1801.1.mpg	621
SF1794.1.mpg	675
SF1793.1.mpg	725
SF1780C.1.mpg	631
SF1780A.1.mpg	655
SF1796.1.mpg	711
SF1776B.1.mpg	596
SF1789A.1.mpg	662
SF1767A.1.mpg	650
SF1805.1.mpg	608
SF1788A.1.mpg	474
SF1776A.1.mpg	589
SF1785.1.mpg	618
SF1790.1.mpg	552
SF1768.1.mpg	629
SF1806.1.mpg	706
SF1779A.1.mpg	657
SF1787.1.mpg	591
SF3345.1.mpg	664
SF1788B-C.1.mpg	1502
SF1780B.1.mpg	626
SF1775A.1.mpg	751
SF1777.1.mpg	618
SF1770.1.mpg	726
SF1795.1.mpg	622
SF1798.1.mpg	530
SF1804.1.mpg	631
SF1778A.1.mpg	799
SF1802.1.mpg	586
SF1812.1.mpg	624
SF2195.1.mpg	452
SF2196.1.mpg	838
SF3227A.1.mpg	543
SF3342A.1.mpg	456
SF3342B.1.mpg	609
SF3310.1.mpg	887
SF2834.1.mpg	1092
SF2221A-J.1.mpg	5982
SF3227B.1.mpg	710
SF3342C.1.mpg	207
SF1864.1.mpg	673
SF1128E.1.mpg	711
SF2732.1.mpg	796
SF1185.1.mpg	862
SF1151.1.mpg	597
SF1147C.1.mpg	648
SF1166.1.mpg	185
SF1152.1.mpg	935
SF2935A-B.1.mpg	1218
SF1180.1.mpg	835
SF1143A.1.mpg	351
SF2939.1.mpg	434
SF1181A.1.mpg	595
SF1177.1.mpg	341
SF1174.1.mpg	592
SF2862.1.mpg	513
SF1155.1.mpg	736
SF2942.1.mpg	918
SF1153.1.mpg	696
SF1184.1.mpg	577
SF1164.1.mpg	426
SF1162B.1.mpg	803
SF1172.1.mpg	511
SF1173.1.mpg	896
SF1885A-B.1.mpg	1104
SF1160.1.mpg	690
SF1147A.1.mpg	795
SF1885D.1.mpg	651
SF2745.1.mpg	821
SF1159B.1.mpg	473
SF1190.1.mpg	446
SF1154.1.mpg	624
SF1188A.1.mpg	839
SF1149.1.mpg	606
SF1145A.1.mpg	581
SF1150.1.mpg	811
SF1885E.1.mpg	611
SF1167.1.mpg	263
SF1191B.1.mpg	463
SF1176D.1.mpg	501
SF1176A.1.mpg	736
SF1157.1.mpg	646
SF2940.1.mpg	562
SF1189.1.mpg	605
SF1188B.1.mpg	735
SF1885C.1.mpg	501
SF1176B.1.mpg	604
SF1156.1.mpg	722
SF1181B.1.mpg	593
SF1162A.1.mpg	362
SF2855D.1.mpg	586
SF1168.1.mpg	269
SF2945.1.mpg	474
SF1145B.1.mpg	770
SF1183.1.mpg	537
SF2848.1.mpg	955
SF1161.1.mpg	662
SF1146.1.mpg	576
SF1158.1.mpg	799
SF1191A.1.mpg	552
SF3002.1.mpg	966
SF2849.1.mpg	606
SF1175.1.mpg	242
SF1179.1.mpg	594
SF1148.1.mpg	840
SF1170.1.mpg	300
SF1186.1.mpg	758
SF1163.1.mpg	91
SF2743B.1.mpg	605
SF1169.1.mpg	214
SF1187.1.mpg	739
SF1159A.1.mpg	533
SF1182B.1.mpg	267
SF2944.1.mpg	907
SF1171A.1.mpg	508
SF1178.1.mpg	908
SF1144.1.mpg	688
SF1182A.1.mpg	825
SF1165B.1.mpg	468
SF1176E.1.mpg	628
SF1165A.1.mpg	612
SF1876A-B.1.mpg	1104
SF1659.1.mpg	639
SF1658.1.mpg	769
SF1664.1.mpg	732
SF1657A.1.mpg	602
SF1661.1.mpg	859
SF1655.1.mpg	708
SF1663.1.mpg	759
SF1660A.1.mpg	787
SF1669.1.mpg	568
SF1674.1.mpg	701
SF1668.1.mpg	499
SF1685.1.mpg	532
SF1657B.1.mpg	770
SF1654.1.mpg	480
SF1656A.1.mpg	803
SF1662.1.mpg	718
SF1651.1.mpg	725
SF1679.1.mpg	726
SF1687.1.mpg	640
SF1676.1.mpg	628
SF1683A.1.mpg	838
SF1681.1.mpg	631
SF1660B.1.mpg	758
SF3301B.1.mpg	470
SF1656B.1.mpg	895
SF1678.1.mpg	803
SF1653.1.mpg	230
SF1686.1.mpg	606
SF3222.1.mpg	838
SF3265.1.mpg	515
SF1680B.1.mpg	751
SF1652.1.mpg	692
SF1670.1.mpg	708
SF1675.1.mpg	609
SF1684.1.mpg	661
SF1672.1.mpg	565
SF2833.1.mpg	659
SF1677.1.mpg	564
SF1667.1.mpg	474
SF1666.1.mpg	670
SF1665.1.mpg	721
SF3301A.1.mpg	500
SF3302.1.mpg	533
SF1682.1.mpg	616
SF1680A.1.mpg	600
SF1688.1.mpg	635
SF1673.1.mpg	638
SF1671.1.mpg	720
SF1752.1.mpg	599
SF1738.1.mpg	716
SF1753B.1.mpg	695
SF1737B.1.mpg	904
SF1881.1.mpg	1791
SF1730.1.mpg	653
SF3305.1.mpg	744
SF1744A.1.mpg	694
SF1760.1.mpg	521
SF1734A.1.mpg	891
SF1737A.1.mpg	571
SF1758.1.mpg	681
SF1742.1.mpg	702
SF1751.1.mpg	603
SF2820A-B.1.mpg	1104
SF1766.1.mpg	622
SF3307.1.mpg	413
SF1729.1.mpg	605
SF3357A.1.mpg	422
SF1756.1.mpg	741
SF1734B.1.mpg	378
SF1754.1.mpg	467
SF1746.1.mpg	759
SF1749.1.mpg	960
SF1741.1.mpg	441
SF1761.1.mpg	575
SF1735.1.mpg	740
SF1767B.1.mpg	797
SF1764.1.mpg	494
SF1748A.1.mpg	124
SF1743.1.mpg	619
SF1747.1.mpg	630
SF1732.1.mpg	644
SF1745.1.mpg	947
SF1759.1.mpg	674
SF1757.1.mpg	468
SF1750.1.mpg	805
SF3357B.1.mpg	363
SF1731.1.mpg	646
SF1733.1.mpg	684
SF1765.1.mpg	640
SF1763.1.mpg	514
SF1739.1.mpg	534
SF1736.1.mpg	900
SF1753A.1.mpg	596
SF1762A.1.mpg	868
SF1755.1.mpg	603
SF1740.1.mpg	567
MOT.1.mpg	689
SJ213.1.mpg	628
R1032.1.mpg	298
SJ73.1.mpg	746
SJ196.1.mpg	775
SJ119.1.mpg	988
